receptor_id,peptide_id,sequence,result_dir,score_json,plddt,ptm,iptm,ranking_confidence
Ly6a_mouse,pep_000,VLVPLTPKYPPTTY,../data/processed/multi_receptor_reward_guided_rl/cycle_02/alphafold_results/Ly6a_mouse/pep_000,Ly6a_mouse_pep_000_complex_scores_rank_001_alphafold2_multimer_v3_model_1_seed_000.json,31.07479166666667,0.18,0.06,
Ly6a_mouse,pep_001,LLPEKYNRNH,../data/processed/multi_receptor_reward_guided_rl/cycle_02/alphafold_results/Ly6a_mouse/pep_001,Ly6a_mouse_pep_001_complex_scores_rank_001_alphafold2_multimer_v3_model_1_seed_000.json,31.66078431372549,0.17,0.06,
Ly6a_mouse,pep_002,HYGALHIH,../data/processed/multi_receptor_reward_guided_rl/cycle_02/alphafold_results/Ly6a_mouse/pep_002,Ly6a_mouse_pep_002_complex_scores_rank_001_alphafold2_multimer_v3_model_1_seed_000.json,32.2528125,0.18,0.06,
Ly6a_mouse,pep_003,TKPYSVNF,../data/processed/multi_receptor_reward_guided_rl/cycle_02/alphafold_results/Ly6a_mouse/pep_003,Ly6a_mouse_pep_003_complex_scores_rank_001_alphafold2_multimer_v3_model_1_seed_000.json,30.7321875,0.17,0.05,
Ly6a_mouse,pep_004,TRFALDVGRLPVVLNH,../data/processed/multi_receptor_reward_guided_rl/cycle_02/alphafold_results/Ly6a_mouse/pep_004,Ly6a_mouse_pep_004_complex_scores_rank_001_alphafold2_multimer_v3_model_1_seed_000.json,31.003979591836732,0.17,0.09,
Ecscr_mouse,pep_000,VLVPLTPKYPPTTY,../data/processed/multi_receptor_reward_guided_rl/cycle_02/alphafold_results/Ecscr_mouse/pep_000,Ecscr_mouse_pep_000_complex_scores_rank_001_alphafold2_multimer_v3_model_1_seed_000.json,39.27453488372094,0.23,0.06,
Ecscr_mouse,pep_001,LLPEKYNRNH,../data/processed/multi_receptor_reward_guided_rl/cycle_02/alphafold_results/Ecscr_mouse/pep_001,Ecscr_mouse_pep_001_complex_scores_rank_001_alphafold2_multimer_v3_model_1_seed_000.json,38.82775280898876,0.23,0.09,
Ecscr_mouse,pep_002,HYGALHIH,../data/processed/multi_receptor_reward_guided_rl/cycle_02/alphafold_results/Ecscr_mouse/pep_002,Ecscr_mouse_pep_002_complex_scores_rank_001_alphafold2_multimer_v3_model_1_seed_000.json,39.246104651162796,0.23,0.1,
Ecscr_mouse,pep_003,TKPYSVNF,../data/processed/multi_receptor_reward_guided_rl/cycle_02/alphafold_results/Ecscr_mouse/pep_003,Ecscr_mouse_pep_003_complex_scores_rank_001_alphafold2_multimer_v3_model_1_seed_000.json,39.83802325581395,0.23,0.03,
Ecscr_mouse,pep_004,TRFALDVGRLPVVLNH,../data/processed/multi_receptor_reward_guided_rl/cycle_02/alphafold_results/Ecscr_mouse/pep_004,Ecscr_mouse_pep_004_complex_scores_rank_001_alphafold2_multimer_v3_model_1_seed_000.json,38.455862068965516,0.23,0.09,
