receptor_id,peptide_id,sequence,result_dir,score_json,plddt,ptm,iptm,ranking_confidence,structure_proxy_score,soft_structure_gate,cheap_rank,cheap_pre_af_score_refined,n_amino_acids,net_charge_proxy,hydrophobic_fraction,cysteine_count,final_reward
Ecscr_mouse,pep_002,HYGALHIH,../data/processed/multi_receptor_reward_guided_rl/cycle_02/alphafold_results/Ecscr_mouse/pep_002,Ecscr_mouse_pep_002_complex_scores_rank_001_alphafold2_multimer_v3_model_1_seed_000.json,39.246104651162796,0.23,0.1,,0.1713691569767442,0.5316387098153216,3,1.0,8,3,0.5,0,0.24529275882157867
Ecscr_mouse,pep_001,LLPEKYNRNH,../data/processed/multi_receptor_reward_guided_rl/cycle_02/alphafold_results/Ecscr_mouse/pep_001,Ecscr_mouse_pep_001_complex_scores_rank_001_alphafold2_multimer_v3_model_1_seed_000.json,38.82775280898876,0.23,0.09,,0.16524162921348315,0.4993016606080634,2,1.0,10,2,0.3,0,0.2283841041269403
Ecscr_mouse,pep_004,TRFALDVGRLPVVLNH,../data/processed/multi_receptor_reward_guided_rl/cycle_02/alphafold_results/Ecscr_mouse/pep_004,Ecscr_mouse_pep_004_complex_scores_rank_001_alphafold2_multimer_v3_model_1_seed_000.json,38.455862068965516,0.23,0.09,,0.16468379310344827,0.49604761663286,5,1.0,16,2,0.5,0,0.22671581781506694
Ly6a_mouse,pep_004,TRFALDVGRLPVVLNH,../data/processed/multi_receptor_reward_guided_rl/cycle_02/alphafold_results/Ly6a_mouse/pep_004,Ly6a_mouse_pep_004_complex_scores_rank_001_alphafold2_multimer_v3_model_1_seed_000.json,31.003979591836732,0.17,0.09,,0.1385059693877551,0.43084364495798316,5,1.0,16,2,0.5,0,0.1895836465899426
Ecscr_mouse,pep_000,VLVPLTPKYPPTTY,../data/processed/multi_receptor_reward_guided_rl/cycle_02/alphafold_results/Ecscr_mouse/pep_000,Ecscr_mouse_pep_000_complex_scores_rank_001_alphafold2_multimer_v3_model_1_seed_000.json,39.27453488372094,0.23,0.06,,0.1494118023255814,0.41718159199726407,1,1.0,14,1,0.42857142857142855,0,0.1865292620113307
Ly6a_mouse,pep_002,HYGALHIH,../data/processed/multi_receptor_reward_guided_rl/cycle_02/alphafold_results/Ly6a_mouse/pep_002,Ly6a_mouse_pep_002_complex_scores_rank_001_alphafold2_multimer_v3_model_1_seed_000.json,32.2528125,0.18,0.06,,0.12637921875,0.35574152113970586,3,1.0,8,3,0.5,0,0.15373245048596926
Ly6a_mouse,pep_001,LLPEKYNRNH,../data/processed/multi_receptor_reward_guided_rl/cycle_02/alphafold_results/Ly6a_mouse/pep_001,Ly6a_mouse_pep_001_complex_scores_rank_001_alphafold2_multimer_v3_model_1_seed_000.json,31.66078431372549,0.17,0.06,,0.12299117647058824,0.3505612745098039,2,1.0,10,2,0.3,0,0.1507218094034746
Ly6a_mouse,pep_000,VLVPLTPKYPPTTY,../data/processed/multi_receptor_reward_guided_rl/cycle_02/alphafold_results/Ly6a_mouse/pep_000,Ly6a_mouse_pep_000_complex_scores_rank_001_alphafold2_multimer_v3_model_1_seed_000.json,31.07479166666667,0.18,0.06,,0.1246121875,0.34543383884803924,1,1.0,14,1,0.42857142857142855,0,0.14888126668880855
Ecscr_mouse,pep_003,TKPYSVNF,../data/processed/multi_receptor_reward_guided_rl/cycle_02/alphafold_results/Ecscr_mouse/pep_003,Ecscr_mouse_pep_003_complex_scores_rank_001_alphafold2_multimer_v3_model_1_seed_000.json,39.83802325581395,0.23,0.03,,0.13375703488372093,0.3360827034883721,4,1.0,8,1,0.375,0,0.14684867305223137
Ly6a_mouse,pep_003,TKPYSVNF,../data/processed/multi_receptor_reward_guided_rl/cycle_02/alphafold_results/Ly6a_mouse/pep_003,Ly6a_mouse_pep_003_complex_scores_rank_001_alphafold2_multimer_v3_model_1_seed_000.json,30.7321875,0.17,0.05,,0.11609828124999999,0.31375958180147057,4,1.0,8,1,0.375,0,0.13349336994287986
